{
  "GET/All heroes" : {
    "transaction" : "GET/All heroes",
    "sampleCount" : 170406,
    "errorCount" : 5061,
    "errorPct" : 2.969966,
    "meanResTime" : 656.121134232356,
    "medianResTime" : 81.0,
    "minResTime" : 1.0,
    "maxResTime" : 61929.0,
    "pct1ResTime" : 119.0,
    "pct2ResTime" : 145.0,
    "pct3ResTime" : 15008.0,
    "throughput" : 907.0372755773909,
    "receivedKBytesPerSec" : 345.03787360243194,
    "sentKBytesPerSec" : 137.75350984684968
  },
  "POST/Create a hero with random names" : {
    "transaction" : "POST/Create a hero with random names",
    "sampleCount" : 169982,
    "errorCount" : 169982,
    "errorPct" : 100.0,
    "meanResTime" : 540.4807038392355,
    "medianResTime" : 81.0,
    "minResTime" : 2.0,
    "maxResTime" : 51855.0,
    "pct1ResTime" : 119.0,
    "pct2ResTime" : 144.0,
    "pct3ResTime" : 15006.0,
    "throughput" : 905.3972718024107,
    "receivedKBytesPerSec" : 1135.6271334850035,
    "sentKBytesPerSec" : 256.38297766095144
  },
  "GET/Hero by ID" : {
    "transaction" : "GET/Hero by ID",
    "sampleCount" : 169574,
    "errorCount" : 3787,
    "errorPct" : 2.2332432,
    "meanResTime" : 486.6198709707872,
    "medianResTime" : 81.0,
    "minResTime" : 1.0,
    "maxResTime" : 52127.0,
    "pct1ResTime" : 127.0,
    "pct2ResTime" : 189.0,
    "pct3ResTime" : 15012.0,
    "throughput" : 903.4743274850686,
    "receivedKBytesPerSec" : 272.78577847033154,
    "sentKBytesPerSec" : 138.43897682893692
  },
  "PUT/Change hero" : {
    "transaction" : "PUT/Change hero",
    "sampleCount" : 169132,
    "errorCount" : 3560,
    "errorPct" : 2.1048648,
    "meanResTime" : 453.799724475558,
    "medianResTime" : 82.0,
    "minResTime" : 2.0,
    "maxResTime" : 51507.0,
    "pct1ResTime" : 126.0,
    "pct2ResTime" : 180.95000000000073,
    "pct3ResTime" : 15008.0,
    "throughput" : 901.2250291737047,
    "receivedKBytesPerSec" : 269.863497409335,
    "sentKBytesPerSec" : 154.66482980839936
  },
  "Total" : {
    "transaction" : "Total",
    "sampleCount" : 679094,
    "errorCount" : 182390,
    "errorPct" : 26.857843,
    "meanResTime" : 534.4607697903367,
    "medianResTime" : 85.0,
    "minResTime" : 1.0,
    "maxResTime" : 61929.0,
    "pct1ResTime" : 136.0,
    "pct2ResTime" : 15001.0,
    "pct3ResTime" : 30376.99,
    "throughput" : 3614.6439349986426,
    "receivedKBytesPerSec" : 2021.9675180341242,
    "sentKBytesPerSec" : 686.7593691948816
  }
}