{
  "GET/All heroes" : {
    "transaction" : "GET/All heroes",
    "sampleCount" : 100,
    "errorCount" : 0,
    "errorPct" : 0.0,
    "meanResTime" : 26.290000000000003,
    "medianResTime" : 2.0,
    "minResTime" : 1.0,
    "maxResTime" : 145.0,
    "pct1ResTime" : 112.50000000000003,
    "pct2ResTime" : 123.84999999999997,
    "pct3ResTime" : 144.86999999999995,
    "throughput" : 108.34236186348862,
    "receivedKBytesPerSec" : 35.97304983748646,
    "sentKBytesPerSec" : 16.822690953412785
  },
  "POST/Create a hero with random names" : {
    "transaction" : "POST/Create a hero with random names",
    "sampleCount" : 100,
    "errorCount" : 100,
    "errorPct" : 100.0,
    "meanResTime" : 3.3499999999999983,
    "medianResTime" : 1.0,
    "minResTime" : 1.0,
    "maxResTime" : 38.0,
    "pct1ResTime" : 8.900000000000006,
    "pct2ResTime" : 10.949999999999989,
    "pct3ResTime" : 37.93999999999997,
    "throughput" : 114.02508551881414,
    "receivedKBytesPerSec" : 139.97024657924743,
    "sentKBytesPerSec" : 32.960376282782214
  },
  "GET/Hero by ID" : {
    "transaction" : "GET/Hero by ID",
    "sampleCount" : 100,
    "errorCount" : 0,
    "errorPct" : 0.0,
    "meanResTime" : 1.8199999999999994,
    "medianResTime" : 1.0,
    "minResTime" : 0.0,
    "maxResTime" : 10.0,
    "pct1ResTime" : 4.900000000000006,
    "pct2ResTime" : 7.949999999999989,
    "pct3ResTime" : 10.0,
    "throughput" : 118.90606420927467,
    "receivedKBytesPerSec" : 30.65546967895363,
    "sentKBytesPerSec" : 18.57907253269917
  },
  "PUT/Change hero" : {
    "transaction" : "PUT/Change hero",
    "sampleCount" : 100,
    "errorCount" : 0,
    "errorPct" : 0.0,
    "meanResTime" : 2.100000000000001,
    "medianResTime" : 1.0,
    "minResTime" : 0.0,
    "maxResTime" : 17.0,
    "pct1ResTime" : 5.0,
    "pct2ResTime" : 7.0,
    "pct3ResTime" : 16.969999999999985,
    "throughput" : 120.04801920768307,
    "receivedKBytesPerSec" : 30.949879951980794,
    "sentKBytesPerSec" : 20.984956482593038
  },
  "Total" : {
    "transaction" : "Total",
    "sampleCount" : 400,
    "errorCount" : 100,
    "errorPct" : 25.0,
    "meanResTime" : 8.389999999999993,
    "medianResTime" : 1.0,
    "minResTime" : 0.0,
    "maxResTime" : 145.0,
    "pct1ResTime" : 10.0,
    "pct2ResTime" : 64.59999999999991,
    "pct3ResTime" : 127.96000000000004,
    "throughput" : 432.43243243243245,
    "receivedKBytesPerSec" : 224.34543918918916,
    "sentKBytesPerSec" : 83.82601351351352
  }
}