{
  "GET/All heroes" : {
    "transaction" : "GET/All heroes",
    "sampleCount" : 29732,
    "errorCount" : 960,
    "errorPct" : 3.2288444,
    "meanResTime" : 640.2643279967714,
    "medianResTime" : 97.0,
    "minResTime" : 4.0,
    "maxResTime" : 29216.0,
    "pct1ResTime" : 125.0,
    "pct2ResTime" : 147.0,
    "pct3ResTime" : 28897.88000000002,
    "throughput" : 982.6811210999471,
    "receivedKBytesPerSec" : 343.06567034224616,
    "sentKBytesPerSec" : 151.40391833437997
  },
  "POST/Create a hero with random names" : {
    "transaction" : "POST/Create a hero with random names",
    "sampleCount" : 29316,
    "errorCount" : 29316,
    "errorPct" : 100.0,
    "meanResTime" : 191.1471551371269,
    "medianResTime" : 97.0,
    "minResTime" : 4.0,
    "maxResTime" : 21225.0,
    "pct1ResTime" : 119.0,
    "pct2ResTime" : 133.0,
    "pct3ResTime" : 13638.990000000002,
    "throughput" : 773.7950694187826,
    "receivedKBytesPerSec" : 951.9422783152087,
    "sentKBytesPerSec" : 223.21734941667106
  },
  "GET/Hero by ID" : {
    "transaction" : "GET/Hero by ID",
    "sampleCount" : 28971,
    "errorCount" : 0,
    "errorPct" : 0.0,
    "meanResTime" : 80.54613233923546,
    "medianResTime" : 96.0,
    "minResTime" : 3.0,
    "maxResTime" : 256.0,
    "pct1ResTime" : 117.0,
    "pct2ResTime" : 129.0,
    "pct3ResTime" : 157.0,
    "throughput" : 966.440938052507,
    "receivedKBytesPerSec" : 249.16055434166194,
    "sentKBytesPerSec" : 151.0063965707042
  },
  "PUT/Change hero" : {
    "transaction" : "PUT/Change hero",
    "sampleCount" : 28851,
    "errorCount" : 0,
    "errorPct" : 0.0,
    "meanResTime" : 80.80842951717457,
    "medianResTime" : 96.0,
    "minResTime" : 4.0,
    "maxResTime" : 256.0,
    "pct1ResTime" : 117.0,
    "pct2ResTime" : 129.0,
    "pct3ResTime" : 157.0,
    "throughput" : 962.7911633184275,
    "receivedKBytesPerSec" : 248.21959679303208,
    "sentKBytesPerSec" : 168.3004084316392
  },
  "Total" : {
    "transaction" : "Total",
    "sampleCount" : 116870,
    "errorCount" : 30276,
    "errorPct" : 25.905706,
    "meanResTime" : 250.74796782750155,
    "medianResTime" : 106.0,
    "minResTime" : 3.0,
    "maxResTime" : 29216.0,
    "pct1ResTime" : 130.0,
    "pct2ResTime" : 142.0,
    "pct3ResTime" : 28897.88000000002,
    "throughput" : 3077.145866245392,
    "receivedKBytesPerSec" : 1615.38479339455,
    "sentKBytesPerSec" : 595.2527183303713
  }
}