{
  "GET/All heroes" : {
    "transaction" : "GET/All heroes",
    "sampleCount" : 2000,
    "errorCount" : 0,
    "errorPct" : 0.0,
    "meanResTime" : 666.6470000000015,
    "medianResTime" : 41.5,
    "minResTime" : 0.0,
    "maxResTime" : 2032.0,
    "pct1ResTime" : 1912.0,
    "pct2ResTime" : 1959.0,
    "pct3ResTime" : 2011.99,
    "throughput" : 672.4949562878279,
    "receivedKBytesPerSec" : 223.28934095494282,
    "sentKBytesPerSec" : 104.42060356422326
  },
  "POST/Create a hero with random names" : {
    "transaction" : "POST/Create a hero with random names",
    "sampleCount" : 2000,
    "errorCount" : 2000,
    "errorPct" : 100.0,
    "meanResTime" : 4.007999999999986,
    "medianResTime" : 3.0,
    "minResTime" : 1.0,
    "maxResTime" : 54.0,
    "pct1ResTime" : 7.0,
    "pct2ResTime" : 10.0,
    "pct3ResTime" : 21.99000000000001,
    "throughput" : 686.5774116031582,
    "receivedKBytesPerSec" : 842.8005921730175,
    "sentKBytesPerSec" : 198.46378304153794
  },
  "GET/Hero by ID" : {
    "transaction" : "GET/Hero by ID",
    "sampleCount" : 2000,
    "errorCount" : 0,
    "errorPct" : 0.0,
    "meanResTime" : 3.0715000000000026,
    "medianResTime" : 2.0,
    "minResTime" : 0.0,
    "maxResTime" : 53.0,
    "pct1ResTime" : 5.0,
    "pct2ResTime" : 9.0,
    "pct3ResTime" : 19.0,
    "throughput" : 688.4681583476764,
    "receivedKBytesPerSec" : 177.49569707401034,
    "sentKBytesPerSec" : 107.57314974182445
  },
  "PUT/Change hero" : {
    "transaction" : "PUT/Change hero",
    "sampleCount" : 2000,
    "errorCount" : 0,
    "errorPct" : 0.0,
    "meanResTime" : 3.129000000000002,
    "medianResTime" : 2.0,
    "minResTime" : 0.0,
    "maxResTime" : 52.0,
    "pct1ResTime" : 5.0,
    "pct2ResTime" : 9.0,
    "pct3ResTime" : 17.0,
    "throughput" : 690.1311249137336,
    "receivedKBytesPerSec" : 177.92443064182194,
    "sentKBytesPerSec" : 120.63815562456867
  },
  "Total" : {
    "transaction" : "Total",
    "sampleCount" : 8000,
    "errorCount" : 2000,
    "errorPct" : 25.0,
    "meanResTime" : 169.2138749999996,
    "medianResTime" : 2.0,
    "minResTime" : 0.0,
    "maxResTime" : 2032.0,
    "pct1ResTime" : 877.9000000000005,
    "pct2ResTime" : 1473.8999999999996,
    "pct3ResTime" : 1982.0,
    "throughput" : 2688.1720430107525,
    "receivedKBytesPerSec" : 1394.6205057123657,
    "sentKBytesPerSec" : 521.0958501344086
  }
}