{
  "GET/All heroes" : {
    "transaction" : "GET/All heroes",
    "sampleCount" : 61302,
    "errorCount" : 1986,
    "errorPct" : 3.2396986,
    "meanResTime" : 729.1212521614258,
    "medianResTime" : 154.0,
    "minResTime" : 1.0,
    "maxResTime" : 60059.0,
    "pct1ResTime" : 180.90000000000146,
    "pct2ResTime" : 193.0,
    "pct3ResTime" : 41665.750000000044,
    "throughput" : 1012.1854567069546,
    "receivedKBytesPerSec" : 381.0656714900766,
    "sentKBytesPerSec" : 154.00179716911038
  },
  "POST/Create a hero with random names" : {
    "transaction" : "POST/Create a hero with random names",
    "sampleCount" : 61052,
    "errorCount" : 61052,
    "errorPct" : 100.0,
    "meanResTime" : 498.5787852977782,
    "medianResTime" : 154.0,
    "minResTime" : 1.0,
    "maxResTime" : 45068.0,
    "pct1ResTime" : 181.0,
    "pct2ResTime" : 192.0,
    "pct3ResTime" : 267.0,
    "throughput" : 1007.6582821680862,
    "receivedKBytesPerSec" : 1259.9456962393542,
    "sentKBytesPerSec" : 286.20947010959264
  },
  "GET/Hero by ID" : {
    "transaction" : "GET/Hero by ID",
    "sampleCount" : 60693,
    "errorCount" : 1062,
    "errorPct" : 1.74979,
    "meanResTime" : 402.8780419488254,
    "medianResTime" : 155.0,
    "minResTime" : 1.0,
    "maxResTime" : 30073.0,
    "pct1ResTime" : 191.0,
    "pct2ResTime" : 15000.0,
    "pct3ResTime" : 15001.0,
    "throughput" : 1001.220739372144,
    "receivedKBytesPerSec" : 293.7052436375146,
    "sentKBytesPerSec" : 154.0049324469226
  },
  "PUT/Change hero" : {
    "transaction" : "PUT/Change hero",
    "sampleCount" : 60402,
    "errorCount" : 945,
    "errorPct" : 1.5645177,
    "meanResTime" : 347.2941293334665,
    "medianResTime" : 155.0,
    "minResTime" : 0.0,
    "maxResTime" : 21230.0,
    "pct1ResTime" : 190.0,
    "pct2ResTime" : 263.0,
    "pct3ResTime" : 15002.0,
    "throughput" : 894.0365003478338,
    "receivedKBytesPerSec" : 258.90296419624485,
    "sentKBytesPerSec" : 154.1058005681902
  },
  "Total" : {
    "transaction" : "Total",
    "sampleCount" : 243449,
    "errorCount" : 65045,
    "errorPct" : 26.718122,
    "meanResTime" : 495.23703116463736,
    "medianResTime" : 167.0,
    "minResTime" : 0.0,
    "maxResTime" : 60059.0,
    "pct1ResTime" : 198.0,
    "pct2ResTime" : 15001.0,
    "pct3ResTime" : 45031.0,
    "throughput" : 3596.687694830617,
    "receivedKBytesPerSec" : 1990.2243045193318,
    "sentKBytesPerSec" : 685.7297739733997
  }
}