{
  "GET/All heroes" : {
    "transaction" : "GET/All heroes",
    "sampleCount" : 8148,
    "errorCount" : 294,
    "errorPct" : 3.6082475,
    "meanResTime" : 1605.033259695631,
    "medianResTime" : 4.0,
    "minResTime" : 0.0,
    "maxResTime" : 21213.0,
    "pct1ResTime" : 7411.4000000000015,
    "pct2ResTime" : 8819.649999999998,
    "pct3ResTime" : 15003.0,
    "throughput" : 371.8849840255591,
    "receivedKBytesPerSec" : 153.10565595047925,
    "sentKBytesPerSec" : 55.660318490415335
  },
  "POST/Create a hero with random names" : {
    "transaction" : "POST/Create a hero with random names",
    "sampleCount" : 8148,
    "errorCount" : 8148,
    "errorPct" : 100.0,
    "meanResTime" : 26.723490427098703,
    "medianResTime" : 4.0,
    "minResTime" : 0.0,
    "maxResTime" : 1116.0,
    "pct1ResTime" : 9.0,
    "pct2ResTime" : 20.0,
    "pct3ResTime" : 844.5300000000007,
    "throughput" : 374.5345897494829,
    "receivedKBytesPerSec" : 459.75583917490235,
    "sentKBytesPerSec" : 108.2639048494599
  },
  "GET/Hero by ID" : {
    "transaction" : "GET/Hero by ID",
    "sampleCount" : 8148,
    "errorCount" : 0,
    "errorPct" : 0.0,
    "meanResTime" : 4.426853215513009,
    "medianResTime" : 4.0,
    "minResTime" : 0.0,
    "maxResTime" : 46.0,
    "pct1ResTime" : 6.0,
    "pct2ResTime" : 7.0,
    "pct3ResTime" : 19.0,
    "throughput" : 375.0863140450214,
    "receivedKBytesPerSec" : 96.70194033973209,
    "sentKBytesPerSec" : 58.6072365695346
  },
  "PUT/Change hero" : {
    "transaction" : "PUT/Change hero",
    "sampleCount" : 8148,
    "errorCount" : 0,
    "errorPct" : 0.0,
    "meanResTime" : 4.517673048600881,
    "medianResTime" : 4.0,
    "minResTime" : 0.0,
    "maxResTime" : 48.0,
    "pct1ResTime" : 6.0,
    "pct2ResTime" : 7.0,
    "pct3ResTime" : 20.0,
    "throughput" : 375.2763448784083,
    "receivedKBytesPerSec" : 96.75093266396463,
    "sentKBytesPerSec" : 65.60006419261238
  },
  "Total" : {
    "transaction" : "Total",
    "sampleCount" : 32592,
    "errorCount" : 8442,
    "errorPct" : 25.902061,
    "meanResTime" : 410.1753190967109,
    "medianResTime" : 4.0,
    "minResTime" : 0.0,
    "maxResTime" : 21213.0,
    "pct1ResTime" : 8.0,
    "pct2ResTime" : 5289.850000000002,
    "pct3ResTime" : 15001.0,
    "throughput" : 1487.4041621029571,
    "receivedKBytesPerSec" : 801.2890518038062,
    "sentKBytesPerSec" : 286.24645955983027
  }
}